Date,Open,High,Low,Close,Volume,Close time,Quote asset volume,Number of trades,Taker buy base asset volume,Taker buy quote asset volume,Ignore
2025-02-14 09:10:00-03:00,2687.0,2688.0,2683.01,2683.01,6137.401,2025-02-14 09:14:59.999000-03:00,,,,,
2025-02-14 09:15:00-03:00,2683.0,2686.0,2678.12,2680.3,9351.112,2025-02-14 09:19:59.999000-03:00,,,,,
2025-02-14 09:20:00-03:00,2680.31,2686.69,2679.62,2686.68,10266.35,2025-02-14 09:24:59.999000-03:00,,,,,
2025-02-14 09:25:00-03:00,2686.68,2686.81,2683.1,2686.02,4544.388,2025-02-14 09:29:59.999000-03:00,,,,,
2025-02-14 09:30:00-03:00,2686.02,2690.39,2685.91,2689.09,8192.572,2025-02-14 09:34:59.999000-03:00,,,,,
2025-02-14 09:35:00-03:00,2689.08,2689.08,2683.03,2683.63,5103.335,2025-02-14 09:39:59.999000-03:00,,,,,
2025-02-14 09:40:00-03:00,2683.63,2684.47,2680.01,2681.41,5176.632,2025-02-14 09:44:59.999000-03:00,,,,,
2025-02-14 09:45:00-03:00,2681.41,2683.93,2678.73,2681.77,6385.952,2025-02-14 09:49:59.999000-03:00,,,,,
2025-02-14 09:50:00-03:00,2681.76,2683.0,2678.5,2682.51,4100.765,2025-02-14 09:54:59.999000-03:00,,,,,
2025-02-14 09:55:00-03:00,2682.51,2685.38,2680.01,2684.87,3930.531,2025-02-14 09:59:59.999000-03:00,,,,,
2025-02-14 10:00:00-03:00,2684.87,2687.38,2683.26,2687.27,4639.812,2025-02-14 10:04:59.999000-03:00,,,,,
2025-02-14 10:05:00-03:00,2687.26,2689.46,2686.68,2688.28,5049.754,2025-02-14 10:09:59.999000-03:00,,,,,
2025-02-14 10:10:00-03:00,2688.31,2691.39,2688.02,2689.32,6128.091,2025-02-14 10:14:59.999000-03:00,,,,,
2025-02-14 10:15:00-03:00,2689.32,2691.79,2686.64,2686.9,3750.439,2025-02-14 10:19:59.999000-03:00,,,,,
2025-02-14 10:20:00-03:00,2686.91,2689.33,2685.35,2687.03,5874.456,2025-02-14 10:24:59.999000-03:00,,,,,
2025-02-14 10:25:00-03:00,2687.04,2687.2,2683.5,2683.83,5781.888,2025-02-14 10:29:59.999000-03:00,,,,,
2025-02-14 10:30:00-03:00,2683.83,2703.74,2683.83,2702.43,38627.477,2025-02-14 10:34:59.999000-03:00,,,,,
2025-02-14 10:35:00-03:00,2702.42,2702.62,2695.85,2697.89,11544.832,2025-02-14 10:39:59.999000-03:00,,,,,
2025-02-14 10:40:00-03:00,2697.89,2698.71,2691.18,2692.78,6505.854,2025-02-14 10:44:59.999000-03:00,,,,,
2025-02-14 10:45:00-03:00,2692.77,2701.57,2691.16,2700.4,9248.63,2025-02-14 10:49:59.999000-03:00,,,,,
2025-02-14 10:50:00-03:00,2700.4,2702.0,2699.0,2700.6,5727.214,2025-02-14 10:54:59.999000-03:00,,,,,
2025-02-14 10:55:00-03:00,2700.6,2704.43,2699.06,2699.79,6690.276,2025-02-14 10:59:59.999000-03:00,,,,,
2025-02-14 11:00:00-03:00,2699.79,2707.79,2697.78,2706.58,8276.789,2025-02-14 11:04:59.999000-03:00,,,,,
2025-02-14 11:05:00-03:00,2706.59,2710.97,2701.76,2702.6,13186.913,2025-02-14 11:09:59.999000-03:00,,,,,
2025-02-14 11:10:00-03:00,2702.59,2702.59,2698.01,2699.24,8749.857,2025-02-14 11:14:59.999000-03:00,,,,,
2025-02-14 11:15:00-03:00,2699.25,2702.88,2699.24,2701.13,4843.804,2025-02-14 11:19:59.999000-03:00,,,,,
2025-02-14 11:20:00-03:00,2701.13,2701.97,2695.14,2698.11,11432.579,2025-02-14 11:24:59.999000-03:00,,,,,
2025-02-14 11:25:00-03:00,2698.11,2699.13,2694.19,2696.09,4134.277,2025-02-14 11:29:59.999000-03:00,,,,,
2025-02-14 11:30:00-03:00,2696.1,2704.08,2692.37,2703.34,10102.443,2025-02-14 11:34:59.999000-03:00,,,,,
2025-02-14 11:35:00-03:00,2703.35,2715.02,2703.0,2711.21,21900.259,2025-02-14 11:39:59.999000-03:00,,,,,
2025-02-14 11:40:00-03:00,2711.21,2711.21,2702.5,2706.56,7757.973,2025-02-14 11:44:59.999000-03:00,,,,,
2025-02-14 11:45:00-03:00,2706.55,2715.96,2706.55,2711.76,15272.276,2025-02-14 11:49:59.999000-03:00,,,,,
2025-02-14 11:50:00-03:00,2711.76,2736.8,2709.2,2724.84,67833.008,2025-02-14 11:54:59.999000-03:00,,,,,
2025-02-14 11:55:00-03:00,2724.84,2726.08,2716.8,2719.51,19462.334,2025-02-14 11:59:59.999000-03:00,,,,,
2025-02-14 12:00:00-03:00,2719.51,2722.21,2709.0,2713.33,15277.911,2025-02-14 12:04:59.999000-03:00,,,,,
2025-02-14 12:05:00-03:00,2713.34,2719.14,2709.0,2711.48,19284.961,2025-02-14 12:09:59.999000-03:00,,,,,
2025-02-14 12:10:00-03:00,2711.48,2713.35,2697.22,2702.22,22183.213,2025-02-14 12:14:59.999000-03:00,,,,,
2025-02-14 12:15:00-03:00,2702.23,2702.87,2687.0,2689.47,36363.025,2025-02-14 12:19:59.999000-03:00,,,,,
2025-02-14 12:20:00-03:00,2689.56,2702.17,2689.55,2700.11,20896.235,2025-02-14 12:24:59.999000-03:00,,,,,
2025-02-14 12:25:00-03:00,2700.11,2704.41,2694.81,2695.85,9476.962,2025-02-14 12:29:59.999000-03:00,,,,,
2025-02-14 12:30:00-03:00,2695.86,2704.8,2692.76,2702.37,8357.087,2025-02-14 12:34:59.999000-03:00,,,,,
2025-02-14 12:35:00-03:00,2702.36,2714.25,2702.36,2713.63,16770.733,2025-02-14 12:39:59.999000-03:00,,,,,
2025-02-14 12:40:00-03:00,2713.63,2715.0,2708.67,2709.91,10292.041,2025-02-14 12:44:59.999000-03:00,,,,,
2025-02-14 12:45:00-03:00,2709.91,2715.5,2709.86,2715.0,9616.783,2025-02-14 12:49:59.999000-03:00,,,,,
2025-02-14 12:50:00-03:00,2715.0,2735.68,2714.35,2735.33,33073.409,2025-02-14 12:54:59.999000-03:00,,,,,
2025-02-14 12:55:00-03:00,2735.33,2746.6,2730.46,2733.34,68652.423,2025-02-14 12:59:59.999000-03:00,,,,,
2025-02-14 13:00:00-03:00,2733.35,2741.52,2727.59,2731.84,32412.216,2025-02-14 13:04:59.999000-03:00,,,,,
2025-02-14 13:05:00-03:00,2731.83,2739.96,2724.0,2726.5,19057.808,2025-02-14 13:09:59.999000-03:00,,,,,
2025-02-14 13:10:00-03:00,2726.5,2727.14,2718.32,2721.74,18097.403,2025-02-14 13:14:59.999000-03:00,,,,,
2025-02-14 13:15:00-03:00,2721.74,2724.57,2713.26,2713.71,22525.949,2025-02-14 13:19:59.999000-03:00,,,,,
2025-02-14 13:20:00-03:00,2713.72,2721.81,2708.25,2719.97,20704.637,2025-02-14 13:24:59.999000-03:00,,,,,
2025-02-14 13:25:00-03:00,2719.97,2731.0,2719.56,2724.15,15788.39,2025-02-14 13:29:59.999000-03:00,,,,,
2025-02-14 13:30:00-03:00,2724.15,2727.59,2721.0,2722.26,9386.122,2025-02-14 13:34:59.999000-03:00,,,,,
2025-02-14 13:35:00-03:00,2722.25,2727.8,2718.67,2726.86,6928.248,2025-02-14 13:39:59.999000-03:00,,,,,
2025-02-14 13:40:00-03:00,2726.86,2730.51,2724.68,2726.74,4659.384,2025-02-14 13:44:59.999000-03:00,,,,,
2025-02-14 13:45:00-03:00,2726.74,2729.3,2721.0,2724.81,3916.063,2025-02-14 13:49:59.999000-03:00,,,,,
2025-02-14 13:50:00-03:00,2724.81,2729.0,2722.28,2728.18,4591.353,2025-02-14 13:54:59.999000-03:00,,,,,
2025-02-14 13:55:00-03:00,2728.16,2743.05,2727.39,2742.17,23269.138,2025-02-14 13:59:59.999000-03:00,,,,,
2025-02-14 14:00:00-03:00,2741.94,2741.94,2732.68,2738.09,21186.706,2025-02-14 14:04:59.999000-03:00,,,,,
2025-02-14 14:05:00-03:00,2737.73,2739.48,2732.22,2737.2,8697.997,2025-02-14 14:09:59.999000-03:00,,,,,
2025-02-14 14:10:00-03:00,2737.2,2737.21,2730.0,2732.57,11633.494,2025-02-14 14:14:59.999000-03:00,,,,,
2025-02-14 14:15:00-03:00,2732.56,2738.45,2731.0,2733.25,7368.9,2025-02-14 14:19:59.999000-03:00,,,,,
2025-02-14 14:20:00-03:00,2733.26,2741.9,2733.21,2741.9,8936.887,2025-02-14 14:24:59.999000-03:00,,,,,
2025-02-14 14:25:00-03:00,2741.89,2744.78,2735.1,2735.87,9950.843,2025-02-14 14:29:59.999000-03:00,,,,,
2025-02-14 14:30:00-03:00,2735.89,2741.21,2733.37,2740.0,7929.604,2025-02-14 14:34:59.999000-03:00,,,,,
2025-02-14 14:35:00-03:00,2739.99,2749.99,2739.99,2744.65,18848.112,2025-02-14 14:39:59.999000-03:00,,,,,
2025-02-14 14:40:00-03:00,2744.66,2755.0,2743.78,2752.08,23803.259,2025-02-14 14:44:59.999000-03:00,,,,,
2025-02-14 14:45:00-03:00,2752.07,2777.21,2751.94,2775.36,44382.005,2025-02-14 14:49:59.999000-03:00,,,,,
2025-02-14 14:50:00-03:00,2775.35,2777.22,2768.35,2775.04,31132.035,2025-02-14 14:54:59.999000-03:00,,,,,
2025-02-14 14:55:00-03:00,2775.05,2779.99,2771.48,2772.79,32005.532,2025-02-14 14:59:59.999000-03:00,,,,,
2025-02-14 15:00:00-03:00,2772.79,2789.36,2772.03,2780.52,47505.765,2025-02-14 15:04:59.999000-03:00,,,,,
2025-02-14 15:05:00-03:00,2780.52,2791.0,2779.79,2781.12,24269.972,2025-02-14 15:09:59.999000-03:00,,,,,
2025-02-14 15:10:00-03:00,2781.12,2786.47,2778.24,2783.0,16946.418,2025-02-14 15:14:59.999000-03:00,,,,,
2025-02-14 15:15:00-03:00,2782.99,2786.84,2776.76,2779.92,20007.546,2025-02-14 15:19:59.999000-03:00,,,,,
2025-02-14 15:20:00-03:00,2779.92,2785.36,2773.97,2776.58,15470.713,2025-02-14 15:24:59.999000-03:00,,,,,
2025-02-14 15:25:00-03:00,2776.59,2776.59,2765.78,2768.66,15905.478,2025-02-14 15:29:59.999000-03:00,,,,,
2025-02-14 15:30:00-03:00,2768.66,2773.27,2766.66,2772.31,11983.206,2025-02-14 15:34:59.999000-03:00,,,,,
2025-02-14 15:35:00-03:00,2772.31,2772.32,2760.0,2761.04,13527.503,2025-02-14 15:39:59.999000-03:00,,,,,
2025-02-14 15:40:00-03:00,2761.05,2765.73,2759.06,2761.26,13281.559,2025-02-14 15:44:59.999000-03:00,,,,,
2025-02-14 15:45:00-03:00,2761.26,2767.94,2761.07,2763.29,12041.889,2025-02-14 15:49:59.999000-03:00,,,,,
2025-02-14 15:50:00-03:00,2763.3,2767.84,2759.54,2761.1,8371.572,2025-02-14 15:54:59.999000-03:00,,,,,
2025-02-14 15:55:00-03:00,2761.11,2761.53,2753.38,2754.67,12215.166,2025-02-14 15:59:59.999000-03:00,,,,,
2025-02-14 16:00:00-03:00,2754.67,2761.53,2754.07,2759.27,9367.836,2025-02-14 16:04:59.999000-03:00,,,,,
2025-02-14 16:05:00-03:00,2759.26,2762.32,2756.74,2759.12,5709.647,2025-02-14 16:09:59.999000-03:00,,,,,
2025-02-14 16:10:00-03:00,2759.12,2759.25,2754.44,2755.31,3463.058,2025-02-14 16:14:59.999000-03:00,,,,,
2025-02-14 16:15:00-03:00,2755.31,2759.45,2752.69,2757.24,4598.799,2025-02-14 16:19:59.999000-03:00,,,,,
2025-02-14 16:20:00-03:00,2757.24,2757.39,2751.86,2755.41,5650.608,2025-02-14 16:24:59.999000-03:00,,,,,
2025-02-14 16:25:00-03:00,2755.4,2755.4,2745.33,2748.28,11316.336,2025-02-14 16:29:59.999000-03:00,,,,,
2025-02-14 16:30:00-03:00,2748.28,2748.79,2734.39,2737.69,25720.447,2025-02-14 16:34:59.999000-03:00,,,,,
2025-02-14 16:35:00-03:00,2737.7,2745.2,2737.12,2743.23,13280.219,2025-02-14 16:39:59.999000-03:00,,,,,
2025-02-14 16:40:00-03:00,2743.24,2746.1,2741.21,2744.15,9158.042,2025-02-14 16:44:59.999000-03:00,,,,,
2025-02-14 16:45:00-03:00,2744.15,2745.74,2738.46,2740.75,6579.799,2025-02-14 16:49:59.999000-03:00,,,,,
2025-02-14 16:50:00-03:00,2740.76,2741.41,2726.36,2731.86,18360.456,2025-02-14 16:54:59.999000-03:00,,,,,
2025-02-14 16:55:00-03:00,2731.85,2736.84,2730.3,2736.68,5843.281,2025-02-14 16:59:59.999000-03:00,,,,,
2025-02-14 17:00:00-03:00,2736.69,2738.78,2733.97,2733.98,6001.03,2025-02-14 17:04:59.999000-03:00,,,,,
2025-02-14 17:05:00-03:00,2733.97,2738.41,2730.85,2738.4,5806.397,2025-02-14 17:09:59.999000-03:00,,,,,
2025-02-14 17:10:00-03:00,2738.41,2745.34,2736.87,2743.85,8059.658,2025-02-14 17:14:59.999000-03:00,,,,,
2025-02-14 17:15:00-03:00,2743.86,2749.99,2743.86,2747.03,15827.617,2025-02-14 17:19:59.999000-03:00,,,,,
2025-02-14 17:20:00-03:00,2747.04,2747.86,2741.3,2744.65,6941.562,2025-02-14 17:24:59.999000-03:00,,,,,
2025-02-14 17:25:00-03:00,2744.64,2746.7,2743.58,2745.33,4721.223,2025-02-14 17:29:59.999000-03:00,,,,,
2025-02-14 17:30:00-03:00,2745.34,2745.61,2740.26,2742.78,5440.825,2025-02-14 17:34:59.999000-03:00,,,,,
2025-02-14 17:35:00-03:00,2742.78,2747.21,2741.86,2745.6,4040.811,2025-02-14 17:39:59.999000-03:00,,,,,
2025-02-14 17:40:00-03:00,2745.6,2745.6,2740.64,2741.84,4221.398,2025-02-14 17:44:59.999000-03:00,,,,,
2025-02-14 17:45:00-03:00,2741.84,2744.06,2736.14,2738.06,7741.64,2025-02-14 17:49:59.999000-03:00,,,,,
2025-02-14 17:50:00-03:00,2738.07,2739.51,2731.62,2738.46,8149.472,2025-02-14 17:54:59.999000-03:00,,,,,
2025-02-14 17:55:00-03:00,2738.45,2738.45,2719.53,2727.09,21679.224,2025-02-14 17:59:59.999000-03:00,,,,,
2025-02-14 18:00:00-03:00,2727.09,2731.6,2721.25,2729.31,8439.952,2025-02-14 18:04:59.999000-03:00,,,,,
2025-02-14 18:05:00-03:00,2729.3,2732.18,2717.4,2719.0,11755.613,2025-02-14 18:09:59.999000-03:00,,,,,
2025-02-14 18:10:00-03:00,2719.01,2720.0,2704.23,2712.2,34298.319,2025-02-14 18:14:59.999000-03:00,,,,,
2025-02-14 18:15:00-03:00,2712.19,2719.99,2707.0,2718.66,11616.644,2025-02-14 18:19:59.999000-03:00,,,,,
2025-02-14 18:20:00-03:00,2718.66,2723.51,2714.7,2723.43,8234.645,2025-02-14 18:24:59.999000-03:00,,,,,
2025-02-14 18:25:00-03:00,2723.42,2726.92,2721.32,2722.72,7905.437,2025-02-14 18:29:59.999000-03:00,,,,,
2025-02-14 18:30:00-03:00,2722.73,2734.19,2722.23,2729.35,18799.971,2025-02-14 18:34:59.999000-03:00,,,,,
2025-02-14 18:35:00-03:00,2729.35,2750.0,2728.35,2742.22,41802.712,2025-02-14 18:39:59.999000-03:00,,,,,
2025-02-14 18:40:00-03:00,2742.21,2744.46,2737.35,2738.4,12297.07,2025-02-14 18:44:59.999000-03:00,,,,,
2025-02-14 18:45:00-03:00,2738.38,2742.45,2735.8,2736.7,10109.242,2025-02-14 18:49:59.999000-03:00,,,,,
2025-02-14 18:50:00-03:00,2736.7,2737.98,2733.65,2737.87,4475.877,2025-02-14 18:54:59.999000-03:00,,,,,
2025-02-14 18:55:00-03:00,2737.89,2744.29,2737.89,2742.83,4526.78,2025-02-14 18:59:59.999000-03:00,,,,,
2025-02-14 19:00:00-03:00,2742.83,2747.54,2741.31,2744.47,6586.048,2025-02-14 19:04:59.999000-03:00,,,,,
2025-02-14 19:05:00-03:00,2744.47,2745.63,2739.14,2742.14,6737.482,2025-02-14 19:09:59.999000-03:00,,,,,
2025-02-14 19:10:00-03:00,2742.14,2745.0,2739.33,2740.55,3952.66,2025-02-14 19:14:59.999000-03:00,,,,,
2025-02-14 19:15:00-03:00,2740.55,2740.71,2733.57,2734.53,10236.163,2025-02-14 19:19:59.999000-03:00,,,,,
2025-02-14 19:20:00-03:00,2734.52,2738.15,2732.05,2736.26,3693.053,2025-02-14 19:24:59.999000-03:00,,,,,
2025-02-14 19:25:00-03:00,2736.26,2739.38,2734.1,2737.88,2802.578,2025-02-14 19:29:59.999000-03:00,,,,,
2025-02-14 19:30:00-03:00,2737.87,2737.87,2722.0,2726.62,9134.895,2025-02-14 19:34:59.999000-03:00,,,,,
2025-02-14 19:35:00-03:00,2726.62,2727.0,2711.0,2723.58,15680.387,2025-02-14 19:39:59.999000-03:00,,,,,
2025-02-14 19:40:00-03:00,2723.58,2725.69,2723.0,2724.02,3283.176,2025-02-14 19:44:59.999000-03:00,,,,,
2025-02-14 19:45:00-03:00,2724.03,2724.19,2709.76,2713.41,8189.988,2025-02-14 19:49:59.999000-03:00,,,,,
2025-02-14 19:50:00-03:00,2713.41,2714.75,2709.08,2709.63,7490.095,2025-02-14 19:54:59.999000-03:00,,,,,
2025-02-14 19:55:00-03:00,2709.63,2718.68,2705.59,2716.59,10013.315,2025-02-14 19:59:59.999000-03:00,,,,,
2025-02-14 20:00:00-03:00,2716.59,2723.5,2713.4,2718.06,9120.025,2025-02-14 20:04:59.999000-03:00,,,,,
2025-02-14 20:05:00-03:00,2718.07,2721.91,2716.68,2720.65,4479.174,2025-02-14 20:09:59.999000-03:00,,,,,
2025-02-14 20:10:00-03:00,2720.65,2726.51,2719.73,2723.89,6140.606,2025-02-14 20:14:59.999000-03:00,,,,,
2025-02-14 20:15:00-03:00,2723.89,2725.54,2722.44,2724.67,3323.72,2025-02-14 20:19:59.999000-03:00,,,,,
2025-02-14 20:20:00-03:00,2724.66,2727.31,2722.0,2723.93,3307.689,2025-02-14 20:24:59.999000-03:00,,,,,
2025-02-14 20:25:00-03:00,2723.93,2729.7,2723.73,2724.36,3371.246,2025-02-14 20:29:59.999000-03:00,,,,,
2025-02-14 20:30:00-03:00,2724.35,2727.2,2721.28,2726.19,4744.58,2025-02-14 20:34:59.999000-03:00,,,,,
2025-02-14 20:35:00-03:00,2726.18,2729.52,2719.44,2719.45,14567.572,2025-02-14 20:39:59.999000-03:00,,,,,
2025-02-14 20:40:00-03:00,2719.44,2723.14,2716.08,2723.13,6043.079,2025-02-14 20:44:59.999000-03:00,,,,,
2025-02-14 20:45:00-03:00,2723.14,2724.85,2721.21,2723.38,2435.618,2025-02-14 20:49:59.999000-03:00,,,,,
2025-02-14 20:50:00-03:00,2723.38,2723.61,2721.06,2722.13,1851.301,2025-02-14 20:54:59.999000-03:00,,,,,
2025-02-14 20:55:00-03:00,2722.12,2724.87,2720.45,2724.74,2955.524,2025-02-14 20:59:59.999000-03:00,,,,,
2025-02-14 21:00:00-03:00,2724.75,2726.28,2721.83,2726.27,3558.737,2025-02-14 21:04:59.999000-03:00,,,,,
2025-02-14 21:05:00-03:00,2726.28,2726.63,2718.81,2722.33,4870.192,2025-02-14 21:09:59.999000-03:00,,,,,
2025-02-14 21:10:00-03:00,2722.34,2724.86,2720.49,2722.62,3732.034,2025-02-14 21:14:59.999000-03:00,,,,,
2025-02-14 21:15:00-03:00,2722.63,2724.53,2718.5,2719.93,3965.894,2025-02-14 21:19:59.999000-03:00,,,,,
2025-02-14 21:20:00-03:00,2719.93,2720.06,2713.76,2715.64,5151.43,2025-02-14 21:24:59.999000-03:00,,,,,
2025-02-14 21:25:00-03:00,2715.63,2716.1,2711.0,2711.0,6472.582,2025-02-14 21:29:59.999000-03:00,,,,,
2025-02-14 21:30:00-03:00,2711.0,2711.45,2702.45,2708.0,16541.495,2025-02-14 21:34:59.999000-03:00,,,,,
2025-02-14 21:35:00-03:00,2708.01,2713.2,2704.0,2713.2,5894.954,2025-02-14 21:39:59.999000-03:00,,,,,
2025-02-14 21:40:00-03:00,2713.2,2713.4,2709.33,2712.09,2385.551,2025-02-14 21:44:59.999000-03:00,,,,,
2025-02-14 21:45:00-03:00,2712.09,2715.09,2711.54,2714.87,3936.701,2025-02-14 21:49:59.999000-03:00,,,,,
2025-02-14 21:50:00-03:00,2714.88,2717.81,2712.5,2713.91,2756.329,2025-02-14 21:54:59.999000-03:00,,,,,
2025-02-14 21:55:00-03:00,2713.9,2715.96,2713.34,2715.72,1482.47,2025-02-14 21:59:59.999000-03:00,,,,,
2025-02-14 22:00:00-03:00,2715.73,2721.02,2713.6,2718.54,7150.929,2025-02-14 22:04:59.999000-03:00,,,,,
2025-02-14 22:05:00-03:00,2718.54,2722.44,2717.67,2720.72,6234.567,2025-02-14 22:09:59.999000-03:00,,,,,
2025-02-14 22:10:00-03:00,2720.72,2720.72,2717.97,2718.93,2252.551,2025-02-14 22:14:59.999000-03:00,,,,,
2025-02-14 22:15:00-03:00,2718.94,2720.46,2713.15,2714.23,5764.21,2025-02-14 22:19:59.999000-03:00,,,,,
2025-02-14 22:20:00-03:00,2714.22,2719.42,2713.26,2718.28,2944.894,2025-02-14 22:24:59.999000-03:00,,,,,
2025-02-14 22:25:00-03:00,2718.28,2718.67,2716.08,2718.25,3348.442,2025-02-14 22:29:59.999000-03:00,,,,,
2025-02-14 22:30:00-03:00,2718.26,2720.49,2717.16,2719.05,6286.572,2025-02-14 22:34:59.999000-03:00,,,,,
2025-02-14 22:35:00-03:00,2719.06,2726.44,2719.05,2720.64,4828.664,2025-02-14 22:39:59.999000-03:00,,,,,
2025-02-14 22:40:00-03:00,2720.64,2721.0,2717.71,2719.23,4359.347,2025-02-14 22:44:59.999000-03:00,,,,,
2025-02-14 22:45:00-03:00,2719.22,2723.47,2716.39,2721.59,3128.291,2025-02-14 22:49:59.999000-03:00,,,,,
2025-02-14 22:50:00-03:00,2721.59,2729.87,2721.18,2729.07,7222.913,2025-02-14 22:54:59.999000-03:00,,,,,
2025-02-14 22:55:00-03:00,2729.07,2729.07,2724.55,2727.44,2469.237,2025-02-14 22:59:59.999000-03:00,,,,,
2025-02-14 23:00:00-03:00,2727.44,2733.49,2726.37,2728.35,11196.792,2025-02-14 23:04:59.999000-03:00,,,,,
2025-02-14 23:05:00-03:00,2728.35,2730.5,2726.36,2729.86,3737.734,2025-02-14 23:09:59.999000-03:00,,,,,
2025-02-14 23:10:00-03:00,2729.87,2730.92,2726.86,2726.86,4154.294,2025-02-14 23:14:59.999000-03:00,,,,,
2025-02-14 23:15:00-03:00,2726.86,2727.45,2722.4,2723.72,3047.941,2025-02-14 23:19:59.999000-03:00,,,,,
2025-02-14 23:20:00-03:00,2723.72,2725.8,2721.05,2721.9,3621.772,2025-02-14 23:24:59.999000-03:00,,,,,
2025-02-14 23:25:00-03:00,2721.9,2723.4,2720.17,2721.44,3683.711,2025-02-14 23:29:59.999000-03:00,,,,,
2025-02-14 23:30:00-03:00,2721.47,2722.0,2719.92,2721.17,2272.217,2025-02-14 23:34:59.999000-03:00,,,,,
2025-02-14 23:35:00-03:00,2721.17,2723.1,2719.5,2722.55,2289.294,2025-02-14 23:39:59.999000-03:00,,,,,
2025-02-14 23:40:00-03:00,2722.55,2726.54,2721.99,2726.22,2094.203,2025-02-14 23:44:59.999000-03:00,,,,,
2025-02-14 23:45:00-03:00,2726.23,2728.19,2725.0,2727.9,2168.537,2025-02-14 23:49:59.999000-03:00,,,,,
2025-02-14 23:50:00-03:00,2727.9,2732.22,2727.0,2728.33,4207.488,2025-02-14 23:54:59.999000-03:00,,,,,
2025-02-14 23:55:00-03:00,2728.34,2730.71,2726.34,2730.12,7127.297,2025-02-14 23:59:59.999000-03:00,,,,,
2025-02-15 00:00:00-03:00,2730.12,2732.57,2728.76,2730.99,4874.917,2025-02-15 00:04:59.999000-03:00,,,,,
2025-02-15 00:05:00-03:00,2730.99,2738.0,2730.99,2736.71,9673.491,2025-02-15 00:09:59.999000-03:00,,,,,
2025-02-15 00:10:00-03:00,2736.7,2736.71,2732.62,2733.36,5876.848,2025-02-15 00:14:59.999000-03:00,,,,,
2025-02-15 00:15:00-03:00,2733.37,2733.37,2730.0,2731.16,3580.645,2025-02-15 00:19:59.999000-03:00,,,,,
2025-02-15 00:20:00-03:00,2731.16,2732.46,2730.0,2730.38,1401.278,2025-02-15 00:24:59.999000-03:00,,,,,
2025-02-15 00:25:00-03:00,2730.37,2731.45,2728.76,2730.53,2219.403,2025-02-15 00:29:59.999000-03:00,,,,,
2025-02-15 00:30:00-03:00,2730.53,2730.73,2725.17,2726.2,6818.359,2025-02-15 00:34:59.999000-03:00,,,,,
2025-02-15 00:35:00-03:00,2726.2,2726.2,2723.73,2724.5,2675.98,2025-02-15 00:39:59.999000-03:00,,,,,
2025-02-15 00:40:00-03:00,2724.51,2727.72,2724.42,2726.47,1327.974,2025-02-15 00:44:59.999000-03:00,,,,,
2025-02-15 00:45:00-03:00,2726.47,2726.79,2724.29,2726.01,1865.18,2025-02-15 00:49:59.999000-03:00,,,,,
2025-02-15 00:50:00-03:00,2726.01,2728.31,2723.68,2724.76,1948.13,2025-02-15 00:54:59.999000-03:00,,,,,
2025-02-15 00:55:00-03:00,2724.76,2725.28,2722.3,2723.21,2185.176,2025-02-15 00:59:59.999000-03:00,,,,,
2025-02-15 01:00:00-03:00,2723.2,2724.24,2721.31,2724.2,2570.7,2025-02-15 01:04:59.999000-03:00,,,,,
2025-02-15 01:05:00-03:00,2724.2,2725.22,2722.23,2723.96,2493.559,2025-02-15 01:09:59.999000-03:00,,,,,
2025-02-15 01:10:00-03:00,2723.96,2729.83,2723.95,2728.16,13933.659,2025-02-15 01:14:59.999000-03:00,,,,,
2025-02-15 01:15:00-03:00,2728.15,2731.0,2727.64,2730.53,3677.542,2025-02-15 01:19:59.999000-03:00,,,,,
2025-02-15 01:20:00-03:00,2730.54,2732.73,2729.44,2730.09,2730.622,2025-02-15 01:24:59.999000-03:00,,,,,
2025-02-15 01:25:00-03:00,2730.1,2731.0,2729.07,2729.59,1896.904,2025-02-15 01:29:59.999000-03:00,,,,,
2025-02-15 01:30:00-03:00,2729.58,2731.0,2724.02,2724.09,3551.215,2025-02-15 01:34:59.999000-03:00,,,,,
2025-02-15 01:35:00-03:00,2724.08,2724.09,2721.01,2721.02,3621.215,2025-02-15 01:39:59.999000-03:00,,,,,
2025-02-15 01:40:00-03:00,2721.01,2721.32,2716.28,2718.31,5940.53,2025-02-15 01:44:59.999000-03:00,,,,,
2025-02-15 01:45:00-03:00,2718.31,2721.34,2718.0,2719.2,4177.761,2025-02-15 01:49:59.999000-03:00,,,,,
2025-02-15 01:50:00-03:00,2719.2,2721.44,2718.8,2721.44,1924.728,2025-02-15 01:54:59.999000-03:00,,,,,
2025-02-15 01:55:00-03:00,2721.44,2721.44,2718.16,2719.56,1621.387,2025-02-15 01:59:59.999000-03:00,,,,,
2025-02-15 02:00:00-03:00,2719.55,2720.83,2716.8,2720.83,3906.287,2025-02-15 02:04:59.999000-03:00,,,,,
2025-02-15 02:05:00-03:00,2720.83,2723.78,2720.03,2722.15,1888.056,2025-02-15 02:09:59.999000-03:00,,,,,
2025-02-15 02:10:00-03:00,2722.16,2722.82,2718.62,2718.63,2041.569,2025-02-15 02:14:59.999000-03:00,,,,,
2025-02-15 02:15:00-03:00,2718.62,2720.84,2714.23,2718.46,5830.246,2025-02-15 02:19:59.999000-03:00,,,,,
2025-02-15 02:20:00-03:00,2718.45,2721.6,2717.04,2721.01,1646.957,2025-02-15 02:24:59.999000-03:00,,,,,
2025-02-15 02:25:00-03:00,2721.02,2721.02,2718.56,2719.99,1011.019,2025-02-15 02:29:59.999000-03:00,,,,,
2025-02-15 02:30:00-03:00,2719.99,2720.69,2718.86,2719.84,2081.745,2025-02-15 02:34:59.999000-03:00,,,,,
2025-02-15 02:35:00-03:00,2719.85,2720.33,2718.28,2718.59,1985.758,2025-02-15 02:39:59.999000-03:00,,,,,
2025-02-15 02:40:00-03:00,2718.6,2723.67,2718.59,2723.44,3506.042,2025-02-15 02:44:59.999000-03:00,,,,,
2025-02-15 02:45:00-03:00,2723.44,2723.87,2718.76,2719.81,1716.864,2025-02-15 02:49:59.999000-03:00,,,,,
2025-02-15 02:50:00-03:00,2719.81,2720.18,2718.19,2720.17,1479.535,2025-02-15 02:54:59.999000-03:00,,,,,
2025-02-15 02:55:00-03:00,2720.17,2721.16,2719.2,2721.15,1067.371,2025-02-15 02:59:59.999000-03:00,,,,,
2025-02-15 03:00:00-03:00,2721.16,2721.45,2717.0,2718.92,3110.867,2025-02-15 03:04:59.999000-03:00,,,,,
2025-02-15 03:05:00-03:00,2718.92,2719.07,2714.63,2714.89,3227.173,2025-02-15 03:09:59.999000-03:00,,,,,
2025-02-15 03:10:00-03:00,2714.88,2718.06,2714.4,2716.3,2557.815,2025-02-15 03:14:59.999000-03:00,,,,,
2025-02-15 03:15:00-03:00,2716.3,2719.14,2715.52,2719.1,2056.071,2025-02-15 03:19:59.999000-03:00,,,,,
2025-02-15 03:20:00-03:00,2719.11,2720.84,2718.92,2720.84,2838.754,2025-02-15 03:24:59.999000-03:00,,,,,
2025-02-15 03:25:00-03:00,2720.83,2721.64,2718.5,2718.51,1419.529,2025-02-15 03:29:59.999000-03:00,,,,,
2025-02-15 03:30:00-03:00,2718.5,2718.86,2711.98,2712.11,6098.788,2025-02-15 03:34:59.999000-03:00,,,,,
2025-02-15 03:35:00-03:00,2712.12,2712.3,2709.0,2712.26,5188.066,2025-02-15 03:39:59.999000-03:00,,,,,
2025-02-15 03:40:00-03:00,2712.26,2715.0,2710.16,2710.59,3054.269,2025-02-15 03:44:59.999000-03:00,,,,,
2025-02-15 03:45:00-03:00,2710.6,2710.6,2706.15,2706.9,7164.287,2025-02-15 03:49:59.999000-03:00,,,,,
2025-02-15 03:50:00-03:00,2706.89,2707.5,2705.0,2705.4,6588.197,2025-02-15 03:54:59.999000-03:00,,,,,
2025-02-15 03:55:00-03:00,2705.4,2708.67,2703.24,2708.0,5515.484,2025-02-15 03:59:59.999000-03:00,,,,,
2025-02-15 04:00:00-03:00,2707.99,2709.64,2707.0,2709.29,5046.809,2025-02-15 04:04:59.999000-03:00,,,,,
2025-02-15 04:05:00-03:00,2709.3,2709.63,2704.5,2704.51,3087.667,2025-02-15 04:09:59.999000-03:00,,,,,
2025-02-15 04:10:00-03:00,2704.5,2704.57,2694.11,2702.92,24775.909,2025-02-15 04:14:59.999000-03:00,,,,,
2025-02-15 04:15:00-03:00,2702.92,2703.21,2692.2,2693.96,15948.089,2025-02-15 04:19:59.999000-03:00,,,,,
2025-02-15 04:20:00-03:00,2693.95,2701.89,2692.76,2701.31,12313.585,2025-02-15 04:24:59.999000-03:00,,,,,
2025-02-15 04:25:00-03:00,2701.31,2705.52,2701.18,2704.76,5905.318,2025-02-15 04:29:59.999000-03:00,,,,,
2025-02-15 04:30:00-03:00,2704.76,2706.2,2701.81,2704.04,3580.908,2025-02-15 04:34:59.999000-03:00,,,,,
2025-02-15 04:35:00-03:00,2704.03,2705.69,2702.28,2704.69,3400.153,2025-02-15 04:39:59.999000-03:00,,,,,
2025-02-15 04:40:00-03:00,2704.69,2707.28,2704.61,2707.28,5680.58,2025-02-15 04:44:59.999000-03:00,,,,,
2025-02-15 04:45:00-03:00,2707.27,2707.27,2702.95,2704.0,3879.015,2025-02-15 04:49:59.999000-03:00,,,,,
2025-02-15 04:50:00-03:00,2703.99,2704.56,2699.33,2701.02,3307.749,2025-02-15 04:54:59.999000-03:00,,,,,
2025-02-15 04:55:00-03:00,2701.02,2701.02,2695.27,2696.37,7047.645,2025-02-15 04:59:59.999000-03:00,,,,,
2025-02-15 05:00:00-03:00,2696.36,2701.74,2695.94,2701.17,4518.935,2025-02-15 05:04:59.999000-03:00,,,,,
2025-02-15 05:05:00-03:00,2701.17,2701.37,2697.6,2699.48,4671.957,2025-02-15 05:09:59.999000-03:00,,,,,
2025-02-15 05:10:00-03:00,2699.49,2699.98,2695.67,2699.59,4410.237,2025-02-15 05:14:59.999000-03:00,,,,,
2025-02-15 05:15:00-03:00,2699.6,2703.9,2699.6,2703.35,3156.9,2025-02-15 05:19:59.999000-03:00,,,,,
2025-02-15 05:20:00-03:00,2703.35,2705.45,2701.0,2705.11,3981.364,2025-02-15 05:24:59.999000-03:00,,,,,
2025-02-15 05:25:00-03:00,2705.11,2707.28,2702.87,2703.34,5386.535,2025-02-15 05:29:59.999000-03:00,,,,,
2025-02-15 05:30:00-03:00,2703.35,2709.58,2703.08,2709.17,4418.357,2025-02-15 05:34:59.999000-03:00,,,,,
2025-02-15 05:35:00-03:00,2709.18,2710.86,2708.16,2708.5,5637.104,2025-02-15 05:39:59.999000-03:00,,,,,
2025-02-15 05:40:00-03:00,2708.5,2708.51,2704.46,2705.77,4218.732,2025-02-15 05:44:59.999000-03:00,,,,,
2025-02-15 05:45:00-03:00,2705.77,2706.4,2702.52,2703.87,4105.732,2025-02-15 05:49:59.999000-03:00,,,,,
2025-02-15 05:50:00-03:00,2703.87,2705.1,2702.58,2703.5,2362.106,2025-02-15 05:54:59.999000-03:00,,,,,
2025-02-15 05:55:00-03:00,2703.49,2704.38,2701.67,2703.53,1926.854,2025-02-15 05:59:59.999000-03:00,,,,,
2025-02-15 06:00:00-03:00,2703.53,2708.36,2702.92,2708.35,3252.643,2025-02-15 06:04:59.999000-03:00,,,,,
2025-02-15 06:05:00-03:00,2708.35,2711.11,2705.29,2705.36,4658.397,2025-02-15 06:09:59.999000-03:00,,,,,
2025-02-15 06:10:00-03:00,2705.37,2707.24,2705.0,2706.3,1319.896,2025-02-15 06:14:59.999000-03:00,,,,,
2025-02-15 06:15:00-03:00,2706.29,2707.71,2703.0,2703.1,3124.358,2025-02-15 06:19:59.999000-03:00,,,,,
2025-02-15 06:20:00-03:00,2703.1,2705.85,2702.0,2703.06,3758.129,2025-02-15 06:24:59.999000-03:00,,,,,
2025-02-15 06:25:00-03:00,2703.06,2703.44,2696.45,2699.04,6931.643,2025-02-15 06:29:59.999000-03:00,,,,,
2025-02-15 06:30:00-03:00,2699.04,2700.28,2694.72,2699.91,7845.573,2025-02-15 06:34:59.999000-03:00,,,,,
2025-02-15 06:35:00-03:00,2699.9,2700.58,2697.51,2700.57,2364.353,2025-02-15 06:39:59.999000-03:00,,,,,
2025-02-15 06:40:00-03:00,2700.58,2703.04,2699.96,2702.82,1771.819,2025-02-15 06:44:59.999000-03:00,,,,,
2025-02-15 06:45:00-03:00,2702.82,2704.84,2702.31,2702.31,2110.4,2025-02-15 06:49:59.999000-03:00,,,,,
2025-02-15 06:50:00-03:00,2702.32,2703.15,2700.02,2700.05,2962.407,2025-02-15 06:54:59.999000-03:00,,,,,
2025-02-15 06:55:00-03:00,2700.04,2702.43,2700.0,2701.63,1629.081,2025-02-15 06:59:59.999000-03:00,,,,,
2025-02-15 07:00:00-03:00,2701.62,2702.82,2697.49,2697.93,2682.193,2025-02-15 07:04:59.999000-03:00,,,,,
2025-02-15 07:05:00-03:00,2697.92,2701.2,2695.97,2698.7,3673.155,2025-02-15 07:09:59.999000-03:00,,,,,
2025-02-15 07:10:00-03:00,2698.7,2698.86,2696.16,2698.13,2438.322,2025-02-15 07:14:59.999000-03:00,,,,,
2025-02-15 07:15:00-03:00,2698.13,2698.22,2694.12,2697.0,6537.142,2025-02-15 07:19:59.999000-03:00,,,,,
2025-02-15 07:20:00-03:00,2697.0,2701.19,2696.99,2700.38,4935.633,2025-02-15 07:24:59.999000-03:00,,,,,
2025-02-15 07:25:00-03:00,2700.39,2701.09,2698.41,2700.39,1120.436,2025-02-15 07:29:59.999000-03:00,,,,,
2025-02-15 07:30:00-03:00,2700.38,2704.27,2698.26,2703.5,4672.14,2025-02-15 07:34:59.999000-03:00,,,,,
2025-02-15 07:35:00-03:00,2703.5,2704.77,2701.43,2701.49,2914.019,2025-02-15 07:39:59.999000-03:00,,,,,
2025-02-15 07:40:00-03:00,2701.48,2705.81,2701.48,2704.5,2009.605,2025-02-15 07:44:59.999000-03:00,,,,,
2025-02-15 07:45:00-03:00,2704.5,2708.0,2703.55,2707.87,3593.182,2025-02-15 07:49:59.999000-03:00,,,,,
2025-02-15 07:50:00-03:00,2707.88,2711.0,2707.77,2708.99,6590.448,2025-02-15 07:54:59.999000-03:00,,,,,
2025-02-15 07:55:00-03:00,2708.99,2710.0,2707.81,2709.0,2694.762,2025-02-15 07:59:59.999000-03:00,,,,,
2025-02-15 08:00:00-03:00,2709.0,2710.0,2706.29,2708.28,2880.054,2025-02-15 08:04:59.999000-03:00,,,,,
2025-02-15 08:05:00-03:00,2708.27,2713.82,2706.74,2713.32,5475.839,2025-02-15 08:09:59.999000-03:00,,,,,
2025-02-15 08:10:00-03:00,2713.32,2713.32,2708.8,2708.81,4692.303,2025-02-15 08:14:59.999000-03:00,,,,,
2025-02-15 08:15:00-03:00,2708.8,2708.9,2704.6,2705.37,4625.019,2025-02-15 08:19:59.999000-03:00,,,,,
2025-02-15 08:20:00-03:00,2705.37,2705.38,2699.02,2699.03,6157.908,2025-02-15 08:24:59.999000-03:00,,,,,
2025-02-15 08:25:00-03:00,2699.02,2704.47,2698.37,2702.98,9859.147,2025-02-15 08:29:59.999000-03:00,,,,,
2025-02-15 08:30:00-03:00,2702.98,2706.91,2702.32,2706.61,3019.328,2025-02-15 08:34:59.999000-03:00,,,,,
2025-02-15 08:35:00-03:00,2706.61,2707.16,2698.33,2701.73,5233.13,2025-02-15 08:39:59.999000-03:00,,,,,
2025-02-15 08:40:00-03:00,2701.73,2704.44,2701.47,2703.66,1484.623,2025-02-15 08:44:59.999000-03:00,,,,,
2025-02-15 08:45:00-03:00,2703.66,2706.04,2701.14,2704.98,3209.367,2025-02-15 08:49:59.999000-03:00,,,,,
2025-02-15 08:50:00-03:00,2704.98,2710.0,2704.57,2709.83,4375.454,2025-02-15 08:54:59.999000-03:00,,,,,
2025-02-15 08:55:00-03:00,2709.83,2709.83,2705.58,2706.91,2224.992,2025-02-15 08:59:59.999000-03:00,,,,,
2025-02-15 09:00:00-03:00,2706.91,2708.87,2705.22,2707.58,2918.691,2025-02-15 09:04:59.999000-03:00,,,,,
2025-02-15 09:05:00-03:00,2707.58,2710.5,2706.82,2708.57,2551.07,2025-02-15 09:09:59.999000-03:00,,,,,
2025-02-15 09:10:00-03:00,2708.57,2708.77,2704.52,2704.53,1692.611,2025-02-15 09:14:59.999000-03:00,,,,,
2025-02-15 09:15:00-03:00,2704.52,2708.0,2702.55,2707.99,3148.086,2025-02-15 09:19:59.999000-03:00,,,,,
2025-02-15 09:20:00-03:00,2708.0,2710.27,2707.11,2707.65,2529.201,2025-02-15 09:24:59.999000-03:00,,,,,
2025-02-15 09:25:00-03:00,2707.64,2708.95,2707.19,2708.94,1444.143,2025-02-15 09:29:59.999000-03:00,,,,,
2025-02-15 09:30:00-03:00,2708.95,2708.99,2705.78,2706.97,1885.799,2025-02-15 09:34:59.999000-03:00,,,,,
2025-02-15 09:35:00-03:00,2706.97,2710.13,2703.99,2709.72,6613.027,2025-02-15 09:39:59.999000-03:00,,,,,
2025-02-15 09:40:00-03:00,2709.73,2709.92,2705.83,2705.83,1894.204,2025-02-15 09:44:59.999000-03:00,,,,,
2025-02-15 09:45:00-03:00,2705.84,2707.86,2702.2,2706.67,8963.567,2025-02-15 09:49:59.999000-03:00,,,,,
2025-02-15 09:50:00-03:00,2706.66,2712.7,2705.72,2712.22,13086.085,2025-02-15 09:54:59.999000-03:00,,,,,
2025-02-15 09:55:00-03:00,2712.21,2712.7,2709.11,2709.11,2579.762,2025-02-15 09:59:59.999000-03:00,,,,,
2025-02-15 10:00:00-03:00,2709.1,2711.98,2709.1,2711.97,3743.779,2025-02-15 10:04:59.999000-03:00,,,,,
2025-02-15 10:05:00-03:00,2711.97,2712.98,2707.75,2707.76,4610.912,2025-02-15 10:09:59.999000-03:00,,,,,
2025-02-15 10:10:00-03:00,2707.76,2708.31,2705.11,2705.68,4289.695,2025-02-15 10:14:59.999000-03:00,,,,,
2025-02-15 10:15:00-03:00,2705.68,2709.48,2705.22,2709.48,2697.458,2025-02-15 10:19:59.999000-03:00,,,,,
2025-02-15 10:20:00-03:00,2709.49,2710.0,2706.25,2706.45,2875.164,2025-02-15 10:24:59.999000-03:00,,,,,
2025-02-15 10:25:00-03:00,2706.45,2709.05,2705.44,2708.02,2864.623,2025-02-15 10:29:59.999000-03:00,,,,,
2025-02-15 10:30:00-03:00,2708.02,2709.99,2706.42,2709.8,2149.69,2025-02-15 10:34:59.999000-03:00,,,,,
2025-02-15 10:35:00-03:00,2709.8,2712.99,2708.71,2709.47,3680.984,2025-02-15 10:39:59.999000-03:00,,,,,
2025-02-15 10:40:00-03:00,2709.47,2710.93,2708.0,2709.73,2270.786,2025-02-15 10:44:59.999000-03:00,,,,,
2025-02-15 10:45:00-03:00,2709.74,2711.48,2707.17,2710.65,2334.951,2025-02-15 10:49:59.999000-03:00,,,,,
2025-02-15 10:50:00-03:00,2710.65,2711.35,2705.54,2706.39,2096.842,2025-02-15 10:54:59.999000-03:00,,,,,
2025-02-15 10:55:00-03:00,2706.38,2707.74,2704.55,2705.5,2914.215,2025-02-15 10:59:59.999000-03:00,,,,,
2025-02-15 11:00:00-03:00,2705.5,2705.7,2699.0,2701.0,8268.96,2025-02-15 11:04:59.999000-03:00,,,,,
2025-02-15 11:05:00-03:00,2701.0,2703.78,2696.05,2702.84,15316.246,2025-02-15 11:09:59.999000-03:00,,,,,
2025-02-15 11:10:00-03:00,2702.83,2703.39,2698.44,2701.07,5842.481,2025-02-15 11:14:59.999000-03:00,,,,,
2025-02-15 11:15:00-03:00,2701.07,2703.41,2697.1,2698.74,4947.491,2025-02-15 11:19:59.999000-03:00,,,,,
2025-02-15 11:20:00-03:00,2698.74,2701.15,2694.73,2696.02,5575.123,2025-02-15 11:24:59.999000-03:00,,,,,
2025-02-15 11:25:00-03:00,2696.02,2699.0,2695.1,2699.0,4703.412,2025-02-15 11:29:59.999000-03:00,,,,,
2025-02-15 11:30:00-03:00,2698.99,2699.0,2693.74,2697.43,9464.815,2025-02-15 11:34:59.999000-03:00,,,,,
2025-02-15 11:35:00-03:00,2697.44,2697.44,2655.31,2682.35,98525.868,2025-02-15 11:39:59.999000-03:00,,,,,
2025-02-15 11:40:00-03:00,2682.34,2683.94,2671.72,2679.47,22588.032,2025-02-15 11:44:59.999000-03:00,,,,,
2025-02-15 11:45:00-03:00,2679.48,2687.38,2679.47,2686.17,11229.037,2025-02-15 11:49:59.999000-03:00,,,,,
2025-02-15 11:50:00-03:00,2686.17,2688.0,2683.11,2687.84,5558.058,2025-02-15 11:54:59.999000-03:00,,,,,
2025-02-15 11:55:00-03:00,2687.84,2690.0,2687.0,2687.51,7048.595,2025-02-15 11:59:59.999000-03:00,,,,,
2025-02-15 12:00:00-03:00,2687.51,2696.59,2686.56,2695.27,9399.009,2025-02-15 12:04:59.999000-03:00,,,,,
2025-02-15 12:05:00-03:00,2695.27,2697.89,2691.41,2693.78,7273.526,2025-02-15 12:09:59.999000-03:00,,,,,
2025-02-15 12:10:00-03:00,2693.77,2693.99,2689.0,2693.87,5179.648,2025-02-15 12:14:59.999000-03:00,,,,,
2025-02-15 12:15:00-03:00,2693.87,2694.0,2690.32,2693.72,4228.334,2025-02-15 12:19:59.999000-03:00,,,,,
2025-02-15 12:20:00-03:00,2693.72,2695.0,2687.06,2688.26,4481.001,2025-02-15 12:24:59.999000-03:00,,,,,
2025-02-15 12:25:00-03:00,2688.25,2690.93,2687.0,2688.65,2272.352,2025-02-15 12:29:59.999000-03:00,,,,,
2025-02-15 12:30:00-03:00,2688.65,2688.8,2682.3,2685.2,5934.008,2025-02-15 12:34:59.999000-03:00,,,,,
2025-02-15 12:35:00-03:00,2685.2,2692.46,2685.19,2690.96,5928.928,2025-02-15 12:39:59.999000-03:00,,,,,
2025-02-15 12:40:00-03:00,2690.96,2692.99,2690.15,2692.98,2680.236,2025-02-15 12:44:59.999000-03:00,,,,,
2025-02-15 12:45:00-03:00,2692.99,2693.22,2685.02,2687.99,3176.845,2025-02-15 12:49:59.999000-03:00,,,,,
2025-02-15 12:50:00-03:00,2687.98,2689.04,2686.01,2687.0,1724.245,2025-02-15 12:54:59.999000-03:00,,,,,
2025-02-15 12:55:00-03:00,2686.99,2689.86,2685.68,2689.86,3553.643,2025-02-15 12:59:59.999000-03:00,,,,,
2025-02-15 13:00:00-03:00,2689.85,2692.8,2686.94,2690.4,4563.479,2025-02-15 13:04:59.999000-03:00,,,,,
2025-02-15 13:05:00-03:00,2690.4,2692.13,2684.75,2685.39,6467.209,2025-02-15 13:09:59.999000-03:00,,,,,
2025-02-15 13:10:00-03:00,2685.39,2687.4,2683.11,2686.49,5528.569,2025-02-15 13:14:59.999000-03:00,,,,,
2025-02-15 13:15:00-03:00,2686.5,2692.85,2686.07,2691.22,6983.1,2025-02-15 13:19:59.999000-03:00,,,,,
2025-02-15 13:20:00-03:00,2691.22,2695.25,2690.13,2694.7,4640.578,2025-02-15 13:24:59.999000-03:00,,,,,
2025-02-15 13:25:00-03:00,2694.7,2695.51,2691.55,2695.39,2577.926,2025-02-15 13:29:59.999000-03:00,,,,,
2025-02-15 13:30:00-03:00,2695.39,2695.5,2689.92,2690.99,4364.194,2025-02-15 13:34:59.999000-03:00,,,,,
2025-02-15 13:35:00-03:00,2690.99,2692.94,2687.08,2690.15,3653.673,2025-02-15 13:39:59.999000-03:00,,,,,
2025-02-15 13:40:00-03:00,2690.15,2691.99,2684.62,2685.0,2604.655,2025-02-15 13:44:59.999000-03:00,,,,,
2025-02-15 13:45:00-03:00,2685.01,2689.04,2681.47,2688.94,7048.399,2025-02-15 13:49:59.999000-03:00,,,,,
2025-02-15 13:50:00-03:00,2688.93,2688.94,2684.32,2684.61,2122.377,2025-02-15 13:54:59.999000-03:00,,,,,
2025-02-15 13:55:00-03:00,2684.61,2688.8,2683.72,2687.72,2583.362,2025-02-15 13:59:59.999000-03:00,,,,,
2025-02-15 14:00:00-03:00,2687.73,2692.68,2684.51,2692.68,3673.717,2025-02-15 14:04:59.999000-03:00,,,,,
2025-02-15 14:05:00-03:00,2692.68,2692.97,2687.75,2689.95,1927.816,2025-02-15 14:09:59.999000-03:00,,,,,
2025-02-15 14:10:00-03:00,2689.95,2691.01,2689.0,2690.11,2242.306,2025-02-15 14:14:59.999000-03:00,,,,,
2025-02-15 14:15:00-03:00,2690.12,2690.97,2683.51,2684.62,4666.68,2025-02-15 14:19:59.999000-03:00,,,,,
2025-02-15 14:20:00-03:00,2684.63,2685.17,2681.5,2683.0,5492.566,2025-02-15 14:24:59.999000-03:00,,,,,
2025-02-15 14:25:00-03:00,2683.0,2685.39,2682.91,2685.23,2121.704,2025-02-15 14:29:59.999000-03:00,,,,,
2025-02-15 14:30:00-03:00,2685.22,2685.23,2680.24,2683.21,4210.066,2025-02-15 14:34:59.999000-03:00,,,,,
2025-02-15 14:35:00-03:00,2683.21,2683.22,2677.35,2678.31,6911.813,2025-02-15 14:39:59.999000-03:00,,,,,
2025-02-15 14:40:00-03:00,2678.32,2682.22,2678.28,2680.7,2299.616,2025-02-15 14:44:59.999000-03:00,,,,,
2025-02-15 14:45:00-03:00,2680.7,2684.29,2679.12,2683.57,2729.321,2025-02-15 14:49:59.999000-03:00,,,,,
2025-02-15 14:50:00-03:00,2683.57,2684.67,2679.2,2681.45,2121.956,2025-02-15 14:54:59.999000-03:00,,,,,
2025-02-15 14:55:00-03:00,2681.46,2684.9,2680.93,2684.84,1991.778,2025-02-15 14:59:59.999000-03:00,,,,,
2025-02-15 15:00:00-03:00,2684.84,2690.42,2683.25,2690.42,4044.663,2025-02-15 15:04:59.999000-03:00,,,,,
2025-02-15 15:05:00-03:00,2690.37,2692.85,2688.04,2689.73,5965.684,2025-02-15 15:09:59.999000-03:00,,,,,
2025-02-15 15:10:00-03:00,2689.72,2690.89,2688.11,2689.9,2729.973,2025-02-15 15:14:59.999000-03:00,,,,,
2025-02-15 15:15:00-03:00,2689.89,2690.0,2685.63,2687.68,2046.991,2025-02-15 15:19:59.999000-03:00,,,,,
2025-02-15 15:20:00-03:00,2687.67,2691.65,2687.41,2691.0,2888.512,2025-02-15 15:24:59.999000-03:00,,,,,
2025-02-15 15:25:00-03:00,2691.0,2692.9,2690.56,2691.08,2068.89,2025-02-15 15:29:59.999000-03:00,,,,,
2025-02-15 15:30:00-03:00,2691.08,2703.1,2690.41,2698.32,16631.877,2025-02-15 15:34:59.999000-03:00,,,,,
2025-02-15 15:35:00-03:00,2698.31,2698.31,2695.27,2695.56,2740.841,2025-02-15 15:39:59.999000-03:00,,,,,
2025-02-15 15:40:00-03:00,2695.56,2697.0,2694.02,2697.0,3442.395,2025-02-15 15:44:59.999000-03:00,,,,,
2025-02-15 15:45:00-03:00,2696.99,2707.49,2695.56,2702.15,18039.476,2025-02-15 15:49:59.999000-03:00,,,,,
2025-02-15 15:50:00-03:00,2702.15,2702.73,2700.04,2702.24,6648.63,2025-02-15 15:54:59.999000-03:00,,,,,
2025-02-15 15:55:00-03:00,2702.24,2702.57,2700.54,2701.52,1914.396,2025-02-15 15:59:59.999000-03:00,,,,,
2025-02-15 16:00:00-03:00,2701.52,2703.19,2699.3,2702.62,3010.731,2025-02-15 16:04:59.999000-03:00,,,,,
2025-02-15 16:05:00-03:00,2702.62,2703.72,2701.62,2702.51,2545.934,2025-02-15 16:09:59.999000-03:00,,,,,
2025-02-15 16:10:00-03:00,2702.5,2704.39,2700.29,2700.29,1572.4,2025-02-15 16:14:59.999000-03:00,,,,,
2025-02-15 16:15:00-03:00,2700.28,2701.12,2697.72,2701.12,3684.681,2025-02-15 16:19:59.999000-03:00,,,,,
2025-02-15 16:20:00-03:00,2701.12,2704.26,2700.88,2703.86,2616.043,2025-02-15 16:24:59.999000-03:00,,,,,
2025-02-15 16:25:00-03:00,2703.86,2704.23,2702.53,2703.24,1841.004,2025-02-15 16:29:59.999000-03:00,,,,,
2025-02-15 16:30:00-03:00,2703.24,2703.24,2699.0,2699.76,3276.73,2025-02-15 16:34:59.999000-03:00,,,,,
2025-02-15 16:35:00-03:00,2699.76,2700.31,2697.12,2697.12,2241.269,2025-02-15 16:39:59.999000-03:00,,,,,
2025-02-15 16:40:00-03:00,2697.12,2697.13,2693.5,2695.99,4444.206,2025-02-15 16:44:59.999000-03:00,,,,,
2025-02-15 16:45:00-03:00,2695.99,2696.15,2693.2,2695.71,1690.533,2025-02-15 16:49:59.999000-03:00,,,,,
2025-02-15 16:50:00-03:00,2695.71,2696.44,2690.4,2690.41,3227.319,2025-02-15 16:54:59.999000-03:00,,,,,
2025-02-15 16:55:00-03:00,2690.41,2691.11,2688.84,2690.4,4359.076,2025-02-15 16:59:59.999000-03:00,,,,,
2025-02-15 17:00:00-03:00,2690.41,2693.27,2689.0,2693.27,4545.228,2025-02-15 17:04:59.999000-03:00,,,,,
2025-02-15 17:05:00-03:00,2693.27,2695.81,2689.16,2691.0,7452.279,2025-02-15 17:09:59.999000-03:00,,,,,
2025-02-15 17:10:00-03:00,2691.01,2693.65,2691.01,2692.1,1515.27,2025-02-15 17:14:59.999000-03:00,,,,,
2025-02-15 17:15:00-03:00,2692.1,2692.11,2687.41,2687.41,3538.773,2025-02-15 17:19:59.999000-03:00,,,,,
2025-02-15 17:20:00-03:00,2687.41,2689.81,2683.27,2684.84,4888.352,2025-02-15 17:24:59.999000-03:00,,,,,
2025-02-15 17:25:00-03:00,2684.84,2686.37,2683.35,2685.82,3407.121,2025-02-15 17:29:59.999000-03:00,,,,,
2025-02-15 17:30:00-03:00,2685.82,2687.57,2684.44,2687.57,2587.174,2025-02-15 17:34:59.999000-03:00,,,,,
2025-02-15 17:35:00-03:00,2687.57,2688.5,2684.95,2684.95,1512.838,2025-02-15 17:39:59.999000-03:00,,,,,
2025-02-15 17:40:00-03:00,2684.95,2684.96,2679.18,2681.51,5973.426,2025-02-15 17:44:59.999000-03:00,,,,,
2025-02-15 17:45:00-03:00,2681.5,2682.44,2678.03,2679.91,4196.644,2025-02-15 17:49:59.999000-03:00,,,,,
2025-02-15 17:50:00-03:00,2679.92,2681.15,2677.48,2680.73,4441.992,2025-02-15 17:54:59.999000-03:00,,,,,
2025-02-15 17:55:00-03:00,2680.74,2684.95,2680.71,2684.82,2661.788,2025-02-15 17:59:59.999000-03:00,,,,,
2025-02-15 18:00:00-03:00,2684.82,2689.46,2684.5,2687.69,5868.224,2025-02-15 18:04:59.999000-03:00,,,,,
2025-02-15 18:05:00-03:00,2687.7,2691.53,2687.44,2688.82,4454.428,2025-02-15 18:09:59.999000-03:00,,,,,
2025-02-15 18:10:00-03:00,2688.82,2692.0,2687.77,2691.41,1901.974,2025-02-15 18:14:59.999000-03:00,,,,,
2025-02-15 18:15:00-03:00,2691.41,2692.0,2688.89,2690.95,1216.484,2025-02-15 18:19:59.999000-03:00,,,,,
2025-02-15 18:20:00-03:00,2690.95,2692.0,2688.79,2691.99,1637.647,2025-02-15 18:24:59.999000-03:00,,,,,
2025-02-15 18:25:00-03:00,2691.98,2692.77,2689.82,2691.6,1337.143,2025-02-15 18:29:59.999000-03:00,,,,,
